type,id,OBJECTID,FID_1,assessorid,PropertyLo,ZONE_CODE,ACRES,EQUIV_ZONE,Equiv_Dens,Shape__Area,Shape__Length,Pref_Dens,Pref_CapFull,Permitted_,SB899_Cate,SB899_Den,Shape__Area_1,Shape__Length_1,DevelopableArea,Ht_Stories,FuncDenLim,MaxDenByHt,Pref_LikelyMax,SDBL_Dens,Curr_Max_Ht,geometry
Feature,1,1,20700,5743-027-020,2498 CASA GRANDE ST  PASADENA CA  91104, RS-6,0.7144529799999999, RS-6,6,4233.792968750001,309.31823505999995,32,22,6, ,99,4233.792968750001,309.31823505999995,0.71448977,2.5,70,50,22,10,,"{""type"":""Polygon"",""coordinates"":[[[-118.098543714273,34.16390873240891],[-118.09897233283397,34.16390983843491],[-118.09962851621701,34.1639114982171],[-118.09962449715401,34.1641725496695],[-118.09858980593201,34.1641698522529],[-118.09858133661498,34.164169229372],[-118.09857311972499,34.16416741201629],[-118.09856539780701,34.16416445370309],[-118.09855839723599,34.1641604421411],[-118.09855232372598,34.1641554955139],[-118.09854735783999,34.164149758020706],[-118.09854364420401,34.16414339987581],[-118.09854129241499,34.16413660764609],[-118.098540371642,34.1641295812779],[-118.098543714273,34.16390873240891]]]}"
Feature,2,2,5760,5723-002-040,140 CHESTNUT ST  PASADENA CA  91103,CD-1,2.4994199299999993,CD-1,87,14806.390624999998,564.70745306,130,324,87,COMM,60,14806.390624999998,564.70745306,2.4995269199999997,6.5,175,437,324,156,,"{""type"":""Polygon"",""coordinates"":[[[-118.14717991141501,34.149966621880495],[-118.14728937742099,34.149965966184205],[-118.147398511948,34.149965173698796],[-118.14761661571202,34.14996356122119],[-118.14783475271399,34.1499619755068],[-118.147830500988,34.1496322362124],[-118.147830584531,34.14960475707439],[-118.148266857637,34.1496019974883],[-118.14851474055399,34.149600401359194],[-118.148762655809,34.14959883273671],[-118.14878876624098,34.14959866323619],[-118.14879450467899,34.149599046099105],[-118.14880007692898,34.149600250444294],[-118.14880531320898,34.1496022398442],[-118.148810054517,34.1496049548249],[-118.14881415802098,34.14960831212291],[-118.148817498855,34.1496122106325],[-118.14881997461201,34.149616531406195],[-118.14882151252797,34.1496211443448],[-118.14882206409399,34.1496259089415],[-118.148825955596,34.14995523640611],[-118.14883043818898,34.150337872257],[-118.14877094636098,34.150338522746395],[-118.14852306344501,34.150341217631194],[-118.14827514818899,34.15034391251581],[-118.14718442994102,34.1503553023984],[-118.14717991141501,34.149966621880495]]]}"
Feature,3,3,39447,5738-006-001,997 E WALNUT ST  PASADENA CA  91106,CD-1 AD-1,1.01125002,CD-1 AD-1,60,5990.613281250001,365.29020414999997,90,91,60, ,100,3360.26171875,315.78910419999994,0.5672584,6.5,175,99,91,108,,"{""type"":""Polygon"",""coordinates"":[[[-118.12974521164998,34.1501179084106],[-118.12954611084699,34.15011894622271],[-118.12954555119599,34.150013840917104],[-118.12954544429701,34.1500090324806],[-118.12954120694398,34.1497484561478],[-118.129541745035,34.149741992095905],[-118.129543495851,34.14973567895831],[-118.129546415376,34.149729671366586],[-118.129550431743,34.1497241180051],[-118.12955544524101,34.149719157150706],[-118.12956133100299,34.149714911467804],[-118.129567945298,34.14971148429239],[-118.12957512463397,34.1497089618615],[-118.12958268934702,34.14970740662259],[-118.12959045438399,34.14970685574679],[-118.130136260869,34.149703604018804],[-118.13013623931,34.1497111884105],[-118.13013747449298,34.14988911141339],[-118.13030600293199,34.1498880230459],[-118.13030758845898,34.150162973680594],[-118.13030832956898,34.150299514187296],[-118.13030966895701,34.1504377583819],[-118.130142759282,34.15043868021729],[-118.12994445079299,34.1504397180255],[-118.12994355247798,34.150116843835406],[-118.12974521164998,34.1501179084106]]]}"
Feature,4,4,37461,5723-017-039,132 N EUCLID AVE  PASADENA CA  91101,CD-2,1.96045995,CD-2,87,11613.132812500002,488.09084342,130,254,87,COMM,100,4448.9296875,267.59932019999997,0.7510690800000001,6.5,175,131,131,156,,"{""type"":""Polygon"",""coordinates"":[[[-118.14211939689099,34.1485490304146],[-118.142118611763,34.148437056063095],[-118.14211866656,34.148410951144804],[-118.142118926173,34.1484107340622],[-118.14218655673798,34.1483547044376],[-118.14218513650097,34.1482585307931],[-118.142183345261,34.14807994864471],[-118.142182429878,34.147988555731985],[-118.14218208312799,34.1479013111043],[-118.142181384239,34.1477233868881],[-118.14245239607799,34.1477217765981],[-118.14245224785599,34.1477121587204],[-118.14245210143098,34.147703915461705],[-118.14245117257298,34.1476434358787],[-118.142451059385,34.147635192613194],[-118.14244950350299,34.147536958074205],[-118.142830308335,34.147534805068595],[-118.14283191272597,34.1477196250841],[-118.14283343896399,34.1478968608847],[-118.14283463551999,34.14803377602941],[-118.14283449089099,34.148033942559316],[-118.14283237984998,34.1480361267765],[-118.14283001189098,34.1480381214173],[-118.1428265947,34.1480414349148],[-118.142823852143,34.148045155815396],[-118.142821853392,34.1480491911896],[-118.142820647853,34.1480534391864],[-118.142820266069,34.1480577920076],[-118.142820415189,34.1480761266382],[-118.14282152011701,34.14821111971249],[-118.142822055513,34.148215461374],[-118.14282341107001,34.148219678138204],[-118.14282555175599,34.1482236629504],[-118.14282842546599,34.148227315446995],[-118.14283195764199,34.1482305434421],[-118.14283425822799,34.148232589375304],[-118.14283629650498,34.1482348181935],[-118.142836461795,34.148254053085196],[-118.142838089542,34.1484326906231],[-118.14283983945998,34.148625039636194],[-118.14284113752596,34.14876586627471],[-118.142205440224,34.14876966594699],[-118.142121161182,34.14877023244091],[-118.142119830777,34.14862940506629],[-118.14211939689099,34.1485490304146]]]}"
Feature,5,5,38908,5723-025-016,75 N MARENGO AVE  PASADENA CA  91101,CD-2,2.3824500999999993,CD-2,87,14112.56640625,493.14886491000004,130,309,87,COMM,99,4645.773437499999,282.26926893999996,0.7843269599999999,6.5,175,137,137,156,,"{""type"":""Polygon"",""coordinates"":[[[-118.14756394569102,34.146867838317796],[-118.147561533714,34.1475327457366],[-118.14690473229099,34.14752668074309],[-118.14615448272201,34.14752555665999],[-118.146146572157,34.14752501171749],[-118.146138868205,34.147523423726994],[-118.14613156669898,34.14752083432101],[-118.14612485628399,34.1475173096658],[-118.146118909436,34.14751293897422],[-118.146113877074,34.147507835249094],[-118.146109888554,34.1475021293361],[-118.146107047183,34.1474959669496],[-118.146105424826,34.14748950644269],[-118.146105063703,34.14748291434609],[-118.14611026854202,34.14735922638571],[-118.14611897321701,34.1471586757849],[-118.14612928048601,34.146924388597704],[-118.14612969371102,34.146917830655504],[-118.146131350205,34.146911409507],[-118.146134207746,34.1469052879671],[-118.14613819357098,34.14689961844219],[-118.146143207966,34.146894545161494],[-118.146149125169,34.146890195254095],[-118.14615579516001,34.14688667800699],[-118.14616304995401,34.14688408263389],[-118.14617070719399,34.14688247381489],[-118.14617857463898,34.146881893182794],[-118.14756394569102,34.146867838317796]]]}"
Feature,6,6,5942,5723-013-020,150 N EL MOLINO AVE  PASADENA CA  91101,CD-3,0.6372280100000002,CD-3,60,3774.76953125,255.61000261999996,90,57,60,COMM,98,1387.6796875,152.32775165,0.23426555000000002,6.5,175,40,40,108,,"{""type"":""Polygon"",""coordinates"":[[[-118.13610106537301,34.148700163363195],[-118.136098725261,34.148541503906294],[-118.13609820872999,34.14850850293971],[-118.13609693761398,34.148357371135106],[-118.136153090404,34.1483567860526],[-118.13683075789498,34.14835239384481],[-118.13683257967799,34.14853649911981],[-118.13683409693299,34.1486958737667],[-118.13615725229899,34.1487004852687],[-118.13610106537301,34.148700163363195]]]}"
Feature,7,7,135,,150 N MADISON AVE PASADENA CA 91101,CD-3,2.27155995,CD-3,87,13456.164062500002,542.9767602300001,130,295,87,COMM,100,7530.44140625,414.55815056999995,1.27128093,6.5,175,222,222,156,,"{""type"":""Polygon"",""coordinates"":[[[-118.13830776968199,34.149111725713],[-118.13701308984602,34.14909232894931],[-118.13702309618,34.14863314601371],[-118.13769753692299,34.1486350670407],[-118.137685786959,34.1481672585102],[-118.13831335360898,34.148151633722705],[-118.13830776968199,34.149111725713]]]}"
Feature,8,8,38008,5734-036-009,500 E COLORADO BLVD  PASADENA CA  91101,CD-4,1.58985996,CD-4,87,9417.15234375,442.04723316,130,206,87,COMM,99,2394.5234375000005,206.38198914000003,0.40427888000000006,6.5,175,70,70,156,,"{""type"":""Polygon"",""coordinates"":[[[-118.140583734099,34.14466874168359],[-118.14058378171002,34.14467480985609],[-118.140534139011,34.14467555927019],[-118.140536095541,34.144915281470006],[-118.1405363839,34.14494965701819],[-118.14053787150999,34.145145990741504],[-118.140536907618,34.1451504195456],[-118.14053508583501,34.1451546587667],[-118.14053245556799,34.145158592424714],[-118.140529087784,34.14516211643491],[-118.14052507321301,34.1451651356342],[-118.14052051875399,34.1451675689853],[-118.14051554747701,34.1451693510638],[-118.140510293231,34.1451704335444],[-118.14050489615299,34.1451707874323],[-118.14037270007599,34.145171957641395],[-118.140373099826,34.145213175162496],[-118.14037805134,34.14572152590971],[-118.139855835512,34.14572413693111],[-118.13984935686298,34.144953366159605],[-118.13984812796699,34.1447720083586],[-118.13984823935799,34.14471979847911],[-118.13984883763597,34.1447127935427],[-118.13985085704898,34.1447059744723],[-118.13985424010501,34.14469953977329],[-118.13985888708999,34.14469367531228],[-118.13986466325701,34.14468855134328],[-118.13987140241798,34.14468431730309],[-118.13987890784199,34.14468109586379],[-118.139886961239,34.144678979958705],[-118.139895330842,34.1446780312957],[-118.14041845845999,34.1446712419611],[-118.140583734099,34.14466874168359]]]}"
Feature,9,9,38020,5734-012-006,550 E GREEN ST  PASADENA CA  91101,CD-4,2.0098500299999995,CD-4,60,11904.558593749998,495.81936613000005,90,180,60,COMM,100,6720.042968750001,363.2273170099999,1.1346027,6.5,175,198,180,108,,"{""type"":""Polygon"",""coordinates"":[[[-118.13880829568699,34.144235997785],[-118.13887439282698,34.1442356193586],[-118.13887421046897,34.14420539282871],[-118.13887316662698,34.14405437153759],[-118.138443035302,34.14405670529559],[-118.138440619732,34.14387534854371],[-118.13843939442998,34.143693990659],[-118.138439457312,34.1436720075883],[-118.13910043141,34.143668391325],[-118.13926567471002,34.143667486515795],[-118.13943091800999,34.143666581706384],[-118.13960607691399,34.143665637492894],[-118.139609627954,34.1440503352292],[-118.13961128534602,34.14423169309239],[-118.13961286548299,34.14438463593359],[-118.139613339793,34.144413023058],[-118.139614058445,34.14445086709019],[-118.139613808714,34.14445753079639],[-118.13961226720501,34.14446407480369],[-118.139609473444,34.144470325140496],[-118.139605500196,34.14447611824399],[-118.13960045345999,34.144481300216384],[-118.13959446439202,34.144485735746585],[-118.139587691993,34.144489308110295],[-118.13958031412999,34.1444919228871],[-118.13957252483799,34.144493510934595],[-118.139564528934,34.144494031362186],[-118.13905888612499,34.144501072003095],[-118.13881102207398,34.144504543997996],[-118.138810024045,34.144417434057296],[-118.13880963058298,34.14438308951819],[-118.13880829568699,34.144235997785]]]}"
Feature,10,10,7171,5737-002-014,130 N HILL AVE  PASADENA CA  91106,CG,0.7592570200000001,CG,32,4497.593749999999,268.35250041,64,48,0,COMM,100,2537.4140625000005,208.23067056999997,0.42836973000000006,4,100,42,42,57,2.5,"{""type"":""Polygon"",""coordinates"":[[[-118.12062986902001,34.148387037117395],[-118.120628645514,34.1482496170094],[-118.12063433634098,34.1479326076055],[-118.12124396004302,34.1479081447856],[-118.121239880793,34.1482451861375],[-118.12124150854,34.148410084301304],[-118.12063010707298,34.1484145159081],[-118.12062986902001,34.148387037117395]]]}"
Feature,11,11,7667,5738-015-085,220 N MICHIGAN AVE  PASADENA CA  91106,CG,0.32376400000000005,CG,32,1917.94921875,180.02053744000003,64,20,0,COMM,99,895.2265625,143.11167931999998,0.15112618000000003,4,100,15,15,57,2.5,"{""type"":""Polygon"",""coordinates"":[[[-118.12489739931999,34.149781343629904],[-118.12539214107298,34.1497780829835],[-118.12540107391997,34.150036999913496],[-118.124901243211,34.15003751733319],[-118.12489739931999,34.149781343629904]]]}"
Feature,12,12,38045,5741-002-032,1474 E WASHINGTON BLVD  PASADENA CA  91104,CG,1.4008300299999998,CG,32,8302.144531250002,370.67834269,64,89,0,COMM,100,3923.25,374.06153330999996,0.6620117300000001,4,100,66,66,57,2.5,"{""type"":""Polygon"",""coordinates"":[[[-118.11923316931401,34.16842431207311],[-118.119729177692,34.16842003016791],[-118.120226800341,34.16842600892951],[-118.12022644101502,34.16855313852832],[-118.12023015824398,34.16897699414291],[-118.12003177429699,34.16897870213691],[-118.11983342268898,34.1689804376312],[-118.119635070182,34.16898214562511],[-118.119436686235,34.16898385287581],[-118.11923836696599,34.1689855601265],[-118.1192344566,34.16856170455491],[-118.11923316931401,34.16842431207311]]]}"
Feature,13,13,13130,5727-015-007,1478 LINCOLN AVE  PASADENA CA  91103,CG-1,0.75028402,CG-1,32,4446.95703125,264.07555992999994,64,48,0,COMM,100,4446.95703125,264.07555992999994,0.75032198,4,100,75,48,57,2.5,"{""type"":""Polygon"",""coordinates"":[[[-118.15889523180199,34.172106819567404],[-118.15874243376197,34.1717396827891],[-118.15894663879298,34.171649595322386],[-118.15946555690499,34.171722472598],[-118.15946683790298,34.171891465434186],[-118.159483678619,34.1721776042721],[-118.15889523180199,34.172106819567404]]]}"
Feature,14,14,13190,5727-015-009,1450 LINCOLN AVE  PASADENA CA  91103,CG-1,0.24716100000000002,CG-1,32,1464.91015625,177.92029765000004,64,15,0,COMM,101,1464.91015625,177.92029765000004,0.24717391,4,100,24,15,57,2.5,"{""type"":""Polygon"",""coordinates"":[[[-118.158883284209,34.171121921983705],[-118.15946167618299,34.1711962601676],[-118.159462983232,34.171361130609704],[-118.15885317447699,34.171282602228594],[-118.158883284209,34.171121921983705]]]}"
Feature,15,15,13206,5727-016-026,1180 LINCOLN AVE  PASADENA CA  91103,CG-1,0.7252730100000001,CG-1,32,4298.156250000001,278.84368965000004,64,46,0,COMM,100,4075.82421875,361.56660759,0.68778694,4,100,68,46,57,2.5,"{""type"":""Polygon"",""coordinates"":[[[-118.15900662289799,34.166827355199196],[-118.15900627525,34.16678333419951],[-118.159006062349,34.16675860405911],[-118.15900553503799,34.166689990368596],[-118.15900494664099,34.16662395949639],[-118.15900487567399,34.16662121161559],[-118.159004348363,34.1665526253144],[-118.15900378781501,34.1664838471928],[-118.15900365216899,34.16646458449229],[-118.159003227266,34.166415260780106],[-118.159002666717,34.166346482546494],[-118.15900232356097,34.166305209930606],[-118.15900210616797,34.1662777310149],[-118.15900151238198,34.1662091176767],[-118.15900098776599,34.166141657849195],[-118.15941904213899,34.166195899984714],[-118.159420559394,34.1662632207761],[-118.15942095465299,34.1663319173172],[-118.15942191225699,34.1664006130591],[-118.15942244046599,34.166469336246195],[-118.15942329835701,34.166538005118404],[-118.159423454664,34.16660674454571],[-118.15942382477,34.166675397697496],[-118.159424414963,34.1667440797809],[-118.15942521087099,34.1668127893095],[-118.15942590437001,34.16688148540339],[-118.15900662289799,34.166827355199196]]]}"
Feature,16,16,26780,5825-004-026,2050 LINCOLN AVE  PASADENA CA  91103,CG-1,0.19111501,CG-1,32,1132.98828125,147.24770420999997,64,12,0,COMM,99,1132.98828125,147.24770420999997,0.19112539,4,100,19,12,57,2.5,"{""type"":""Polygon"",""coordinates"":[[[-118.15954386394701,34.181082233771996],[-118.15907931995999,34.18108364277639],[-118.15907798865699,34.18092289350191],[-118.15954252365998,34.1809173630002],[-118.15954386394701,34.181082233771996]]]}"
Feature,17,17,18822,5741-001-032,1576 E WASHINGTON BLVD  PASADENA CA  91104,CL,0.17938501,CL,32,1063.1445312499998,136.74488595999995,64,11,0,COMM,94,379.12890624999994,79.58843946,0.06397423,4,100,6,6,57,2.5,"{""type"":""Polygon"",""coordinates"":[[[-118.11794616738,34.16866593054521],[-118.11816088269899,34.16866423740991],[-118.11816389564801,34.168994665710294],[-118.117949014141,34.1689963870825],[-118.11794616738,34.16866593054521]]]}"
Feature,18,18,17196,5731-018-020,525 N LAKE AVE  PASADENA CA  91101,CL,0.81810898,CL,32,4847.02734375,277.27429519000003,64,52,0,COMM,100,4847.02734375,277.27429519000003,0.81814854,4,100,81,52,57,2.5,"{""type"":""Polygon"",""coordinates"":[[[-118.13261092993301,34.1549601504618],[-118.13278049233199,34.1549586176209],[-118.13298376760599,34.1549568008103],[-118.13318605293699,34.154955011504704],[-118.13319134670898,34.15551862158821],[-118.13298972253799,34.1555205201574],[-118.13278641222998,34.15552241947],[-118.13266576758899,34.15552354121659],[-118.13265721383098,34.15552291158151],[-118.13264891968598,34.15552106504829],[-118.13264113219097,34.1555180566263],[-118.132634085806,34.1555139762633],[-118.132627991635,34.15550894735881],[-118.132623032036,34.1555031193301],[-118.13261935702799,34.15549666761269],[-118.13261707440898,34.15548978622619],[-118.13261625424701,34.1554826795977],[-118.13261092993301,34.1549601504618]]]}"
Feature,19,19,18742,5741-001-004,1560 E WASHINGTON BLVD  PASADENA CA  91104,CL,0.21253900000000003,CL,32,1259.6289062499998,158.24982135999997,64,13,0,COMM,96,616.38671875,99.99871203,0.10400820000000001,4,100,10,10,57,2.5,"{""type"":""Polygon"",""coordinates"":[[[-118.11816088269899,34.16866423740991],[-118.11815999067201,34.168570727683104],[-118.11835837372097,34.1685690776548],[-118.11836228049398,34.1689930156903],[-118.11816389564801,34.168994665710294],[-118.11816088269899,34.16866423740991]]]}"
Feature,20,20,21667,5745-011-026,2063 E VILLA ST  PASADENA CA  91107,CL,0.0984125,CL,32,583.0546875,95.57654399,64,6,0,COMM,102,583.0546875,95.57654399,0.09841840999999998,4,100,9,6,57,2.5,"{""type"":""Polygon"",""coordinates"":[[[-118.10799058105701,34.154496156306486],[-118.10799415275798,34.15470216149209],[-118.107803073013,34.15470318363699],[-118.10780041399899,34.154538313369805],[-118.10780091705598,34.1545318184627],[-118.107802645415,34.15452547074419],[-118.107805555058,34.1545194285543],[-118.107809573222,34.154513842799105],[-118.107814600194,34.15450885323409],[-118.107820510211,34.154504584747286],[-118.107827155049,34.15450114364199],[-118.107834369419,34.1544986161505],[-118.10784197275898,34.154497064716686],[-118.107849774628,34.15449652948319],[-118.10799058105701,34.154496156306486]]]}"
Feature,21,21,21574,5745-010-053,2113 E VILLA ST  PASADENA CA  91107,CL,0.47918800000000006,CL,32,2839.0039062500005,211.47005375999996,64,30,0,COMM,100,2839.0039062500005,211.47005375999996,0.47921069000000005,4,100,47,30,57,2.5,"{""type"":""Polygon"",""coordinates"":[[[-118.10688987803398,34.1544993327687],[-118.10689131084699,34.1548702391094],[-118.106726937116,34.15487068662209],[-118.10656167046,34.15487110737329],[-118.10637901780999,34.1548715980019],[-118.106377441267,34.1545421291369],[-118.10637816620698,34.1545349659318],[-118.10638037516499,34.154528015332694],[-118.10638400166299,34.154521489946085],[-118.10638893610897,34.1545155860245],[-118.10639502758498,34.15451048346599],[-118.106402091937,34.1545063383803],[-118.10640991446598,34.1545032741686],[-118.106418258018,34.1545013859838],[-118.106426869269,34.1545007303228],[-118.10655934651899,34.1545003118],[-118.106724612276,34.1544998360369],[-118.10688987803398,34.1544993327687]]]}"
Feature,22,22,28237,5838-002-011,2025 N LOS ROBLES AVE  PASADENA CA  91104,CL,0.17246599000000004,CL,32,1022.421875,147.58066388999998,64,11,0,COMM,99,1022.421875,147.58066388999998,0.17247376,4,100,17,11,57,2.5,"{""type"":""Polygon"",""coordinates"":[[[-118.14184271757998,34.18055768119459],[-118.14234032046699,34.18055503557911],[-118.142340025819,34.1806924291206],[-118.141844074934,34.18069507324549],[-118.14184271757998,34.18055768119459]]]}"
Feature,23,23,28330,5838-001-015,380 E WOODBURY RD  PASADENA CA  91001,CL,0.448955,CL,32,2661.5625,257.02952393,64,28,0,COMM,100,2661.5625,257.02952393,0.44897986000000006,4,100,44,28,57,2.5,"{""type"":""Polygon"",""coordinates"":[[[-118.14269025469399,34.1808001455601],[-118.14283903906099,34.1807990085432],[-118.142923350442,34.180798441521105],[-118.14293156553599,34.181560966935706],[-118.14269846619399,34.181561983553394],[-118.14269025469399,34.1808001455601]]]}"
Feature,24,24,16561,5730-027-028,1125 N LAKE AVE  PASADENA CA  91104,CO,0.7298219800000001,CO,32,4325.00390625,266.24882308,64,46,0,COMM,99,3401.8984375000005,267.32136131,0.57408082,4,100,57,46,57,2.5,"{""type"":""Polygon"",""coordinates"":[[[-118.13257481496298,34.1651977192954],[-118.133260718209,34.165193063353804],[-118.133249424589,34.1656141418433],[-118.13255713611798,34.16561490296411],[-118.13257481496298,34.1651977192954]]]}"
Feature,25,25,7607,5738-021-015,1305 E COLORADO BLVD  PASADENA CA  91106,ECSP-CG-1,2.0449900600000004,ECSP-CG-1,32,12113.46484375,472.27265490999997,64,130,0,COMM,99,3996.76171875,256.84916967000004,0.6747579200000001,4,100,67,67,57,2.5,"{""type"":""Polygon"",""coordinates"":[[[-118.123681941011,34.1461015989236],[-118.123686631116,34.146568979514704],[-118.12368717549498,34.146623908532],[-118.123688574172,34.14676492808581],[-118.123689900983,34.146902320127815],[-118.123690564838,34.1469710168084],[-118.12369119545598,34.1470397126896],[-118.123693183427,34.147177104284594],[-118.12369445095,34.147296635177],[-118.12301616272298,34.1473009545823],[-118.12300607464299,34.1461056953538],[-118.123681941011,34.1461015989236]]]}"
Feature,26,26,7007,5737-005-036,1555 E COLORADO BLVD  PASADENA CA  91106,ECSP-CG-2,1.05806005,ECSP-CG-2,32,6267.4296875,390.9549444,64,67,0,COMM,100,4185.5234375,260.35885251,0.70662776,4,100,70,67,57,2.5,"{""type"":""Polygon"",""coordinates"":[[[-118.11788530382398,34.146615361096295],[-118.11806377302,34.1466143076287],[-118.11806225666398,34.146570315493705],[-118.118060049503,34.14613093337431],[-118.11834596259699,34.146129114887],[-118.11834975797899,34.1465687706053],[-118.118346778267,34.1472419378081],[-118.11809430316299,34.147237413952794],[-118.117864517707,34.14704681333749],[-118.117865473514,34.1466154904565],[-118.11788530382398,34.146615361096295]]]}"
Feature,27,27,7031,5737-004-003,1501 E COLORADO BLVD  PASADENA CA  91106,ECSP-CG-2,0.275621,ECSP-CG-2,32,1632.6171875,173.50953958,64,17,0,COMM,102,1632.6171875,173.50953958,0.2756335,4,100,27,17,57,2.5,"{""type"":""Polygon"",""coordinates"":[[[-118.11936719795499,34.146122505584806],[-118.119565528901,34.1461212104886],[-118.119615103329,34.1461209138506],[-118.11961751260999,34.146395835857305],[-118.119618938236,34.1465607071498],[-118.119569363809,34.1465610305505],[-118.11937106430399,34.146562325639906],[-118.11936719795499,34.146122505584806]]]}"
Feature,28,28,7034,5737-005-034,1555 E COLORADO BLVD  PASADENA CA  91106,ECSP-CG-2,0.27316099000000005,ECSP-CG-2,32,1618.05078125,206.82771484000003,64,17,0,COMM,99,1618.05078125,206.82771484000003,0.27317307,4,100,27,17,57,2.5,"{""type"":""Polygon"",""coordinates"":[[[-118.11770311290799,34.14613320462481],[-118.117881581206,34.146132069371305],[-118.11788530382398,34.146615361096295],[-118.117865473514,34.1466154904565],[-118.11786524264701,34.146709440087],[-118.11786646076301,34.14675271843941],[-118.117706498658,34.1467538083342],[-118.11770683462798,34.1466164145639],[-118.11770311290799,34.14613320462481]]]}"
Feature,29,29,7831,5746-007-030,2215 E COLORADO BLVD  PASADENA CA  91107,ECSP-CG-4,1.1150300499999999,ECSP-CG-4,32,6604.87109375,374.7119360499999,64,71,0,COMM,101,2827.3671875000005,226.83941905000003,0.47733424,4,100,47,47,57,2.5,"{""type"":""Polygon"",""coordinates"":[[[-118.10432091371399,34.146214436545804],[-118.104548957337,34.1462130306765],[-118.10478030496398,34.146211621089996],[-118.10478489445597,34.14676119151639],[-118.10478602453699,34.14689858356439],[-118.10478722199099,34.1470360036398],[-118.10410053990701,34.1470401966727],[-118.104099245434,34.146902804111605],[-118.104097983301,34.1467654120704],[-118.10432602782299,34.14676375864229],[-118.10432091371399,34.146214436545804]]]}"
Feature,30,30,8847,5748-007-025,40 N DAISY AVE  PASADENA CA  91107,ECSP-CG-5,0.31507501000000004,ECSP-CG-5,32,1866.34375,175.04366364999996,64,20,0,COMM,102,1866.34375,175.04366364999996,0.31509025,4,100,31,20,57,2.5,"{""type"":""Polygon"",""coordinates"":[[[-118.09292569091002,34.14662781461389],[-118.09292560377301,34.146662841469904],[-118.09292462910102,34.14700495214349],[-118.092759378615,34.147006013040695],[-118.092594128129,34.1470071021889],[-118.092595104597,34.14666496401639],[-118.09259520431002,34.14662993493091],[-118.092596255339,34.14662992749639],[-118.09276041257598,34.1466288762593],[-118.09292569091002,34.14662781461389]]]}"
Feature,31,31,8896,5748-007-026,2833 E COLORADO BLVD  PASADENA CA  91107,ECSP-CG-5-AD-2,1.7764400200000003,ECSP-CG-5-AD-2,32,10522.67578125,449.9343573599999,64,113,0,COMM,100,6337.007812499999,449.90199499999994,1.0698610899999996,4,100,106,106,57,2.5,"{""type"":""Polygon"",""coordinates"":[[[-118.09176977563301,34.1466353390625],[-118.09177151926299,34.146296717399494],[-118.091936801191,34.1462956304726],[-118.09210204988099,34.146294542802195],[-118.092267299469,34.146293510147295],[-118.09243254815799,34.14629239422571],[-118.092596169101,34.146291317706996],[-118.092597796848,34.1462913058117],[-118.09276142048599,34.14629022929309],[-118.09276304643599,34.1462902173979],[-118.09292666737902,34.14628916615649],[-118.09292574121602,34.14660785671919],[-118.09292569091002,34.14662781461389],[-118.09276041257598,34.1466288762593],[-118.092596255339,34.14662992749639],[-118.09259520431002,34.14662993493091],[-118.092595104597,34.14666496401639],[-118.092594128129,34.1470071021889],[-118.09242887764199,34.1470081898501],[-118.09226359481602,34.1470092782547],[-118.09209834433,34.14701033840841],[-118.091933093844,34.1470114260696],[-118.091767843357,34.1470125129873],[-118.09176977563301,34.1466353390625]]]}"
Feature,32,32,9015,5748-005-035,55 N SAN GABRIEL BLVD  PASADENA CA  91107,EPSP-d1-IG,0.19020399000000002,EPSP-d1-IG,32,1126.68359375,134.85004887000005,64,12,0,COMM,101,759.0937500000001,133.81539917,0.12815503,4,100,12,12,57,2.5,"{""type"":""Polygon"",""coordinates"":[[[-118.095037771179,34.1471532062637],[-118.09503614612598,34.147380731206795],[-118.094870892945,34.1473817675657],[-118.09470498219702,34.14738283217541],[-118.09470723696799,34.1471554715392],[-118.094872520692,34.1471543251477],[-118.095037771179,34.1471532062637]]]}"
Feature,33,33,14609,5728-006-034,1062 N FAIR OAKS AVE  PASADENA CA  91103,FGSP-C-2,0.33063000000000003,FGSP-C-2,32,1959.2890625,194.59066097,64,21,0,COMM,101,1470.80078125,160.26896358,0.24821060000000003,4,100,24,21,57,2.5,"{""type"":""Polygon"",""coordinates"":[[[-118.14989485286699,34.16400293930891],[-118.150513015055,34.164000440347095],[-118.150514338274,34.164184518943394],[-118.150514520632,34.164211997797196],[-118.14989605840599,34.1642145242547],[-118.149895876947,34.164187046145],[-118.14989485286699,34.16400293930891]]]}"
Feature,34,34,14646,5726-018-022,855 N ORANGE GROVE BLVD  PASADENA CA  91103,FGSP-C-3D,1.3962500100000002,FGSP-C-3D,32,8272.74609375,421.60339342,64,89,32,COMM,100,8272.613281250002,419.86767019000007,1.3962979200000003,4,100,139,89,57,2.5,"{""type"":""Polygon"",""coordinates"":[[[-118.15304971189099,34.15764598700359],[-118.15294508690599,34.157521458326286],[-118.15295140475699,34.157517675401394],[-118.15294501953198,34.157521378044095],[-118.15294503749897,34.15752140034469],[-118.15294508690599,34.157521458326286],[-118.15278186032397,34.1576191869236],[-118.152453993212,34.1571997864549],[-118.15278091349997,34.157013629069],[-118.15296740554899,34.1569054563253],[-118.153307387342,34.157311683774196],[-118.15368306998,34.15775162174089],[-118.15350287152698,34.15785186036599],[-118.15332083512098,34.15795738929019],[-118.153314229809,34.157960777476795],[-118.15304971189099,34.15764598700359]]]}"
Feature,35,35,13947,5725-028-014,379 E ORANGE GROVE BLVD  PASADENA CA  91104,FGSP-C-3D,0.548383,FGSP-C-3D,32,3249.22265625,231.45046824000002,64,35,32,COMM,101,1467.0039062499998,156.79741618000003,0.24760345000000003,4,100,24,24,57,2.5,"{""type"":""Polygon"",""coordinates"":[[[-118.14248720220199,34.1579788453254],[-118.142925097666,34.15797141554939],[-118.142928910116,34.158480152617386],[-118.142505268221,34.1584773531808],[-118.14248720220199,34.1579788453254]]]}"
Feature,36,36,27571,5836-019-006,2005 N FAIR OAKS AVE  PASADENA CA  91103,FGSP-CL-1A,0.8217859900000001,FGSP-CL-1A,32,4871.699218750001,279.56805152,64,52,0,COMM,101,2995.80859375,279.31541857999997,0.50538166,4,100,50,50,57,2.5,"{""type"":""Polygon"",""coordinates"":[[[-118.15091165234399,34.179790578525306],[-118.15150718686799,34.1797868523351],[-118.15150763243298,34.18033338472401],[-118.15091252730299,34.180336656823904],[-118.15091165234399,34.179790578525306]]]}"
Feature,37,37,15037,5728-011-023,1540 N FAIR OAKS AVE  PASADENA CA  91103,FGSP-CL-1B,0.25081399000000004,FGSP-CL-1B,16,1486.59765625,154.3927947,32,8,16,COMM,101,1349.45703125,213.37662834000002,0.2276883,2.5,70,15,8,28,,"{""type"":""Polygon"",""coordinates"":[[[-118.15025239672298,34.17216442244629],[-118.150582995613,34.172162170476504],[-118.150585651931,34.1724623723823],[-118.150255052143,34.172464624344094],[-118.15025239672298,34.17216442244629]]]}"
Feature,38,38,27741,5836-020-027,1909 N FAIR OAKS AVE  PASADENA CA  91103,FGSP-CL-1B,0.20645200000000002,FGSP-CL-1B,16,1223.84375,169.48140843000004,32,6,16,COMM,101,2947.8789062500005,221.73578579999997,0.49731116000000003,2.5,70,34,6,28,,"{""type"":""Polygon"",""coordinates"":[[[-118.15089981883699,34.1785725648525],[-118.151230411438,34.17857099825461],[-118.15149494372899,34.1785692934274],[-118.151494843118,34.17860504276991],[-118.151496284016,34.1787067124975],[-118.15090115822498,34.1787099571633],[-118.15089971822599,34.17860828743971],[-118.15089981883699,34.1785725648525]]]}"
Feature,39,39,14923,5728-015-032,1429 N FAIR OAKS AVE  PASADENA CA  91103,FGSP-RM-16,0.31803200000000004,FGSP-RM-16,16,1884.9257812500002,191.54128893,32,10,16,COMM,101,1884.9257812500002,191.54128893,0.3180487600000001,2.5,70,22,10,28,,"{""type"":""Polygon"",""coordinates"":[[[-118.15083309826599,34.170405335546704],[-118.151444695566,34.1704021254938],[-118.15144592715599,34.170607554510795],[-118.15083429661799,34.1706114245513],[-118.15083309826599,34.170405335546704]]]}"
Feature,40,40,15243,5728-014-035,1489 N FAIR OAKS AVE  PASADENA CA  91103,FGSP-RM-16,0.5310829899999999,FGSP-RM-16,16,3147.7148437499995,228.60256270999997,32,16,16,COMM,99,1258.6914062499995,173.14757385,0.21237646000000002,2.5,70,14,14,28,,"{""type"":""Polygon"",""coordinates"":[[[-118.15084095043999,34.1713670809202],[-118.15145255312898,34.1713631841581],[-118.15145397606099,34.17147309760449],[-118.151453753279,34.17156927305339],[-118.15145512680299,34.1717066648752],[-118.15084348818,34.171710534865305],[-118.15084214969097,34.171573143049805],[-118.15084095043999,34.1713670809202]]]}"
Feature,41,41,13224,5727-016-025,400 W CLAREMONT ST  PASADENA CA  91103,LASP-CG2,1.34651005,LASP-CG2,32,7979.78515625,379.80544413000007,64,86,0,COMM,100,4854.203125,282.31455553999996,0.81914372,4,100,81,81,57,2.5,"{""type"":""Polygon"",""coordinates"":[[[-118.15900098776599,34.166141657849195],[-118.15900151238198,34.1662091176767],[-118.15900210616797,34.1662777310149],[-118.15900232356097,34.166305209930606],[-118.159002666717,34.166346482546494],[-118.159003227266,34.166415260780106],[-118.15900365216899,34.16646458449229],[-118.15900378781501,34.1664838471928],[-118.159004348363,34.1665526253144],[-118.15900487567399,34.16662121161559],[-118.15900494664099,34.16662395949639],[-118.15900553503799,34.166689990368596],[-118.159006062349,34.16675860405911],[-118.15900627525,34.16678333419951],[-118.15900662289799,34.166827355199196],[-118.15900718344598,34.1668961337842],[-118.159007569722,34.1669427093451],[-118.15900774399499,34.166964719806195],[-118.15900833778096,34.1670334982793],[-118.15900889832999,34.167102166692594],[-118.15883863883798,34.1670801324827],[-118.15847844674798,34.1670335339563],[-118.15843384000398,34.1670277669279],[-118.15842280869298,34.1667714871907],[-118.15844538605097,34.1665440984775],[-118.15849203466497,34.1660756622255],[-118.15883076330799,34.16611956912941],[-118.15900098776599,34.166141657849195]]]}"
Feature,42,42,3773,5716-007-001,1050 AVENUE 64  PASADENA CA  91105,PS,0.5,RS-6,6,3321.76171875,257.9018387499999,32,16,0,COMM,100,3332.6796875,257.90327477999995,0.5629398400000001,2.5,70,39,16,10,,"{""type"":""Polygon"",""coordinates"":[[[-118.17670651701297,34.124307617921005],[-118.17665619788198,34.1247222788536],[-118.176614697513,34.124720722411105],[-118.17657346663799,34.124724951502394],[-118.17653366408399,34.12473484640041],[-118.17649640735598,34.124750131211805],[-118.17646274209199,34.12477037462191],[-118.176199566257,34.12495854842041],[-118.17627782119598,34.1242766584649],[-118.17670651701297,34.124307617921005]]]}"
Feature,43,43,7450,5738-009-051,73 N HILL AVE  PASADENA CA  91106,PS,1.8482400200000002,RM-48,48,10948.1953125,471.99281541999994,87,160,0,COMM,100,6710.664062500001,328.68419991999997,1.13292508,5,125,141,141,86,,"{""type"":""Polygon"",""coordinates"":[[[-118.121499227111,34.1477194503758],[-118.12149718883299,34.1474996224515],[-118.12149511731799,34.14727979544199],[-118.12213889945797,34.147274722184],[-118.12213766696898,34.14710985154159],[-118.12281691100398,34.14710484890071],[-118.12281840939299,34.14726974706029],[-118.12281990688498,34.147434590626695],[-118.12282143851299,34.147599461378796],[-118.12282293690198,34.14776430504519],[-118.12214335689798,34.1477693351543],[-118.12214274784098,34.147714377887596],[-118.121499227111,34.1477194503758]]]}"
Feature,44,44,6646,5736-002-026,1363 CORDOVA ST  PASADENA CA  91106,PS,2.27361989,RM-48,48,13466.574218750002,502.04185437,87,197,0,COMM,43,20674.1875,762.55368447,3.4906048299999997,5,125,436,197,86,,"{""type"":""Polygon"",""coordinates"":[[[-118.12145435715999,34.143339360533304],[-118.12145235301898,34.143119533107004],[-118.12145034797899,34.142899705108704],[-118.12144943888399,34.14279734839871],[-118.12144972814201,34.14279299753691],[-118.12145084205298,34.142788738866706],[-118.12145275187099,34.1427846809368],[-118.121455409986,34.1427809256042],[-118.121458749922,34.14277756729139],[-118.12146268634001,34.1427746907555],[-118.12146712042397,34.14277236811441],[-118.12147194168199,34.1427706581034],[-118.12147702614699,34.14276960384429],[-118.12148224805298,34.14276923210271],[-118.12208072096699,34.142765688662195],[-118.12273150996597,34.14276178760609],[-118.12273671121199,34.142762099869],[-118.12274178938799,34.1427630879582],[-118.12274661693397,34.142764728082],[-118.12275107437499,34.1427669793489],[-118.12275505031799,34.142769785254195],[-118.12275844684798,34.1427730759103],[-118.12276117862497,34.1427767695341],[-118.122763177377,34.1427807746772],[-118.12276439369498,34.142784991712695],[-118.12276479703898,34.142789315066],[-118.122765608218,34.1428916725293],[-118.12276738508498,34.143111499805],[-118.12276916285097,34.14333132799571],[-118.12277093971898,34.14355115561439],[-118.12219939560299,34.1435546477222],[-118.12208699749597,34.14355533841151],[-118.122085288002,34.14333562009501],[-118.12145435715999,34.143339360533304]]]}"
Feature,45,45,12389,5711-006-025,1 WESTMORELAND PL  PASADENA CA  91103,PS,1.0087000099999999,RM-16,16,5975.566406250001,347.68051784999994,32,32,0,COMM,101,2003.953125,189.99506345999998,0.3382882300000001,2.5,70,23,23,28,,"{""type"":""Polygon"",""coordinates"":[[[-118.161301642379,34.150826772010795],[-118.16105083364998,34.150615024906706],[-118.16097644505899,34.1505521982179],[-118.160976349838,34.15055211718571],[-118.16090698911802,34.150493568060796],[-118.160927311705,34.1504567474449],[-118.160996478389,34.1503315442955],[-118.16108965704001,34.150162810872004],[-118.16113874278298,34.1501996219516],[-118.16116168126402,34.15021679341219],[-118.161200076158,34.15024559489049],[-118.16130210411299,34.150322144536105],[-118.16130218855398,34.15032220623971],[-118.161410623294,34.1504035084741],[-118.16149893307599,34.1504697245041],[-118.16162100424202,34.15056128571749],[-118.16162107071702,34.15056136080239],[-118.16186996244201,34.150840548181],[-118.16178393258298,34.1509964408054],[-118.161714864714,34.15112158870039],[-118.161694510687,34.1511584922882],[-118.161301642379,34.150826772010795]]]}"
Feature,46,46,16590,5731-001-045,808 N LOS ROBLES AVE  PASADENA CA  91104,PS,2.8475599299999996,RM-12,12,16872.89453125,539.9472351399999,32,91,0,COMM,100,5581.2109375,347.00496297,1.58,2.5,70,110,91,21,,"{""type"":""Polygon"",""coordinates"":[[[-118.14088711044198,34.16085242402401],[-118.14088599742898,34.1607218739392],[-118.14038851311997,34.16072456849249],[-118.140385631324,34.160347426067496],[-118.14038087564299,34.159720230004304],[-118.14084011597599,34.159721289255096],[-118.141432040171,34.1597225499494],[-118.14143924735501,34.160856038808205],[-118.14088718769699,34.1608592938236],[-118.14088711044198,34.16085242402401]]]}"
Feature,47,47,24352,5757-002-010,835 HASTINGS RANCH DR  PASADENA CA  91107,PS,1.5314699399999998,RS-6,6,9074.718750000002,400.7011135199999,32,49,0,COMM,100,4014.734375,256.3181532499999,0.6775745400000001,2.5,70,47,47,10,,"{""type"":""Polygon"",""coordinates"":[[[-118.07286443223799,34.1604892351649],[-118.07355037680598,34.16049755819849],[-118.07338867197,34.1614802397809],[-118.072917661911,34.16148610307639],[-118.07290713455396,34.161485608026396],[-118.07289683626698,34.1614837274309],[-118.07288702756297,34.161480510348895],[-118.07287795996798,34.1614760370585],[-118.07286986255397,34.1614704227741],[-118.07286294283199,34.1614638094692],[-118.07285737507398,34.1614563658768],[-118.072853302112,34.1614482807997],[-118.07285082815199,34.1614397608804],[-118.07285001427799,34.161431021681096],[-118.07286443223799,34.1604892351649]]]}"
Feature,48,48,20733,5743-033-035,2495 E MOUNTAIN ST  PASADENA CA  91104,PS,3.0650401099999995,RM-32,32,18162.32421875,559.1207533400001,64,196,0,COMM,100,6299.48828125,373.77862841999996,1.06314581,4,100,106,106,57,2.5,"{""type"":""Polygon"",""coordinates"":[[[-118.100193400223,34.1616556880174],[-118.10019829154999,34.162040661353],[-118.100202897213,34.162408377731204],[-118.09859800754998,34.1624071683653],[-118.09859279911801,34.1624068212395],[-118.09858772273898,34.1624057932414],[-118.098582905074,34.1624041118736],[-118.098578467396,34.162401818018004],[-118.09857452289398,34.162398970396204],[-118.09857116858397,34.162395640365915],[-118.09856848891002,34.162391911177714],[-118.098566553041,34.16238787723219],[-118.098565407689,34.1623836396193],[-118.09856508339702,34.1623793046326],[-118.09857516788398,34.161709172622494],[-118.09857605092799,34.1617021579453],[-118.09857835959798,34.161695371465804],[-118.09858202741998,34.161689011649386],[-118.09858694659398,34.161683265068696],[-118.09859297249298,34.16167829971349],[-118.09859992814802,34.16167426201719],[-118.098607611439,34.1616712694241],[-118.098615795989,34.161669410388996],[-118.09862424195002,34.161668739173905],[-118.100193400223,34.1616556880174]]]}"
Feature,49,49,20994,5744-004-023,789 N ALTADENA DR  PASADENA CA  91107,PS,2.1150500799999996,RM-32,32,12532.449218750002,510.01403559,64,135,0,COMM,100,5958.066406250001,309.98687578999994,1.0055663899999996,4,100,100,100,57,2.5,"{""type"":""Polygon"",""coordinates"":[[[-118.098606990703,34.15976722579099],[-118.09884333386098,34.159765357050595],[-118.09902443691702,34.15976391721349],[-118.099026277565,34.159945275532095],[-118.099208113647,34.15994377994829],[-118.099379999988,34.1599424843207],[-118.09954527562701,34.15994111212981],[-118.09971055126701,34.15993973919571],[-118.09987582690599,34.1599383662616],[-118.10004110254498,34.1599369658241],[-118.100047713247,34.159936905614195],[-118.10005455661299,34.1604617707093],[-118.098646333319,34.1604727927669],[-118.09863852695898,34.160472262774604],[-118.098630919127,34.160470717397196],[-118.09862369936704,34.16046819528749],[-118.09861704734301,34.1604647588853],[-118.09861113014,34.160460493672794],[-118.098606095083,34.160455507432594],[-118.098602067037,34.1604499235566],[-118.098599148411,34.160443882534004],[-118.098597411069,34.1604375337732],[-118.09859689813099,34.1604310378331],[-118.098606990703,34.15976722579099]]]}"
Feature,50,50,24353,5757-002-011,3700 E SIERRA MADRE BLVD  PASADENA CA  91107,PS,11.206299779999998,RS-6,6,66401.6484375,1046.67064818,32,358,0,COMM,41,21546.234375,626.6176183199999,3.6364993199999995,2.5,70,254,254,10,,"{""type"":""Polygon"",""coordinates"":[[[-118.07355037680598,34.16049755819849],[-118.07357730470498,34.16033343885601],[-118.07361097446,34.16012947149629],[-118.073637940987,34.15997153447171],[-118.073668944542,34.1597813907529],[-118.073698568285,34.1596013871819],[-118.07374275102397,34.1593295134709],[-118.07376931869898,34.1591660259261],[-118.07384035836999,34.15917029715071],[-118.074074995627,34.15918411284359],[-118.074303022182,34.15919762971209],[-118.074544304278,34.159211907757],[-118.07478062857099,34.1592258854909],[-118.07502187742897,34.15924019029119],[-118.075261474285,34.1592543575715],[-118.07541019666797,34.15926292082491],[-118.075502723142,34.159268605873294],[-118.075616769658,34.15927515690981],[-118.07548122735598,34.1614525719784],[-118.07540354643999,34.1614536096512],[-118.07338867197,34.1614802397809],[-118.07355037680598,34.16049755819849]]]}"
Feature,51,51,24357,5757-005-005,770 SIERRA MADRE VILLA AVE  PASADENA CA  91107,PS,8.087459560000001,RS-6,6,47920.4453125,1250.1603104499998,32,258,0,COMM,36,24472.656249999996,1017.4934105100001,4.1303819,2.5,70,289,258,10,,"{""type"":""Polygon"",""coordinates"":[[[-118.078614345353,34.16110313492411],[-118.078760481487,34.1608884313714],[-118.07888492959398,34.16070594671091],[-118.07889823274597,34.1606867302649],[-118.079043475954,34.1604730982745],[-118.07918587958798,34.16026369974639],[-118.07923687964099,34.1601887044943],[-118.079236445755,34.160010093308],[-118.079235998394,34.15981777022359],[-118.07923555552499,34.15962885414739],[-118.079235434252,34.1595711490539],[-118.079349929027,34.1594229910642],[-118.07947290749097,34.15926259970289],[-118.07959714000299,34.15910064107771],[-118.07975329594501,34.15889705802059],[-118.07992622253599,34.15867159119689],[-118.08012476728202,34.158412720064604],[-118.08119542076001,34.158216824532204],[-118.08123142523601,34.1582893387583],[-118.08125951196202,34.1583642323723],[-118.081279456358,34.1584409092049],[-118.081291100321,34.1585187582221],[-118.081294350425,34.15859716021539],[-118.081289180621,34.158675491518295],[-118.08114221084999,34.1598931991678],[-118.08093156759398,34.1598959903809],[-118.08080920267999,34.15989761084549],[-118.08064495830601,34.1598997865792],[-118.08037733491199,34.1599033307876],[-118.08016843708299,34.15990609524039],[-118.079941285487,34.159909103506095],[-118.07961949907002,34.1599133635431],[-118.07948913016598,34.160177343441106],[-118.07938467675999,34.16038883613851],[-118.07929592410801,34.160568550363394],[-118.07924368617601,34.1606744141054],[-118.07924284265798,34.1607167226961],[-118.07923943355199,34.160897171370095],[-118.079236575112,34.16104844129319],[-118.079233498383,34.16121122201171],[-118.079229932071,34.1614025540511],[-118.0785919252,34.161411048701304],[-118.07859110503799,34.16113604251421],[-118.078614345353,34.16110313492411]]]}"
Feature,52,52,24431,5757-001-025,3740 E SIERRA MADRE BLVD  PASADENA CA  91107,PS,2.52279997,RS-6,6,14948.78515625,504.09020770999996,32,80,0,COMM,100,8068.46484375,502.4519584599999,1.3617272899999997,2.5,70,95,80,10,,"{""type"":""Polygon"",""coordinates"":[[[-118.07176733325699,34.16039484222871],[-118.071924457583,34.1603692211963],[-118.07216916675098,34.160329753433196],[-118.072413875919,34.16028976309139],[-118.072636638347,34.16025322029171],[-118.07261859478598,34.161437233596494],[-118.072617497943,34.16144655778699],[-118.072614512842,34.1614555913387],[-118.07260972482099,34.16146407260389],[-118.072603274019,34.1614717548008],[-118.07259534728499,34.1614784141909],[-118.07258617548597,34.1614838582549],[-118.07257602362498,34.161487927923],[-118.072565188146,34.1614905050077],[-118.07255398435801,34.1614915151772],[-118.07178210066198,34.16150164809191],[-118.07176733325699,34.16039484222871]]]}"
Feature,53,53,29189,5848-009-017,,PS,0.44506401,RS-6,6,2638.17578125,205.73183344,32,14,0,COMM,101,2638.17578125,205.73183344,0.44508892000000005,2.5,70,31,14,10,,"{""type"":""Polygon"",""coordinates"":[[[-118.133265396635,34.1759407864236],[-118.13375139957598,34.17593736477171],[-118.133755220111,34.1763000799004],[-118.133269082422,34.17630273233811],[-118.133265396635,34.1759407864236]]]}"
Feature,54,54,29464,5848-009-018,845 ATCHISON ST  PASADENA CA  91104,PS,0.35239401000000004,RM-16,16,2088.8710937500005,200.70139493,32,11,0,COMM,99,2088.8710937500005,200.70139493,0.35241571000000005,2.5,70,24,11,28,,"{""type"":""Polygon"",""coordinates"":[[[-118.133004525876,34.176327012283096],[-118.13300290801,34.17616214188081],[-118.13300087242797,34.175942643658004],[-118.133265396635,34.1759407864236],[-118.133269082422,34.17630273233811],[-118.13327076676299,34.176467712457196],[-118.13300581046698,34.17646921369389],[-118.13300500917,34.1763812820595],[-118.133004525876,34.176327012283096]]]}"
Feature,55,55,13328,5725-006-023,485 N RAYMOND AVE  PASADENA CA  91103,RM-12,0.707403,RM-12,12,4191.05078125,260.4905395299999,32,22,12,RES,51,2688.90625,260.00908394,0.45387853000000006,2.5,70,31,22,21,,"{""type"":""Polygon"",""coordinates"":[[[-118.14906384655099,34.15443177809609],[-118.14906319527202,34.15436308153619],[-118.14906167801801,34.15419821134849],[-118.149704521418,34.1541937346988],[-118.149705940756,34.154358550628395],[-118.149706334218,34.15462947395189],[-118.149060766228,34.15463265709949],[-118.14906384655099,34.15443177809609]]]}"
Feature,56,56,14601,5728-001-010,101 E CLAREMONT ST  PASADENA CA  91103,RM-12,0.3008109900000001,RM-12,12,1782.71484375,181.32760361,32,9,12,RES,53,782.6796875000001,112.10250815999999,0.1320759,2.5,70,9,9,21,,"{""type"":""Polygon"",""coordinates"":[[[-118.148400568274,34.1670707226952],[-118.148955975055,34.16706806104819],[-118.14895741505399,34.16728239360359],[-118.148401940002,34.16728497274119],[-118.148400568274,34.1670707226952]]]}"
Feature,57,57,15284,5729-006-013,119 E WASHINGTON BLVD  PASADENA CA  91103,RM-12,0.50310099,RM-12,12,2981.7148437499995,281.64683869000004,32,16,12,RES,50,946.9765625,147.17621665000001,0.15978838000000006,2.5,70,11,11,21,,"{""type"":""Polygon"",""coordinates"":[[[-118.147915966704,34.169479717425205],[-118.14799094459,34.1694791585028],[-118.14815620675398,34.16947873633791],[-118.14815178255098,34.168978546053914],[-118.148204676253,34.16897823760411],[-118.14842286356098,34.1689769770481],[-118.14842834687799,34.169477083354394],[-118.14842813667198,34.16960073817741],[-118.147917342923,34.169603370014705],[-118.147915966704,34.169479717425205]]]}"
Feature,58,58,17062,5731-014-003,690 E ORANGE GROVE BLVD  PASADENA CA  91104,RM-12,0.89220899,RM-12,12,5286.332031250001,296.98638768999996,32,28,12,RES,50,3765.035156250001,296.16823759,0.63548168,2.5,70,44,28,21,,"{""type"":""Polygon"",""coordinates"":[[[-118.13574888266197,34.157281143767186],[-118.135938931142,34.1572586423968],[-118.13599025728398,34.157258729369396],[-118.13605801810398,34.1572584060098],[-118.13615718043398,34.15725790944819],[-118.13622328925203,34.157257587575195],[-118.13632245158098,34.1572571185178],[-118.13635550599,34.1572569438293],[-118.13638855950097,34.157256796644894],[-118.13652070976501,34.157256152898896],[-118.13652075018899,34.157260274805594],[-118.136553836937,34.15726010011709],[-118.136555030798,34.1574444260789],[-118.136557817372,34.157693105110994],[-118.136392480648,34.15769488543849],[-118.13622721129701,34.15769669326989],[-118.13606194104702,34.157698472853895],[-118.135763951003,34.1577253903583],[-118.13574888266197,34.157281143767186]]]}"
Feature,59,59,17069,5731-018-022,819 E VILLA ST  PASADENA CA  91101,RM-12,0.5930129899999999,RM-12,12,3513.38671875,355.76985593999996,32,18,12,RES,51,3513.38671875,355.76985593999996,0.59304133,2.5,70,41,18,21,,"{""type"":""Polygon"",""coordinates"":[[[-118.13338949350099,34.15495319320729],[-118.13338412157599,34.154362626587],[-118.13358739595098,34.1543606989998],[-118.133592769674,34.15495145816799],[-118.133597901749,34.155514793228],[-118.13339462377999,34.1555167215321],[-118.13338949350099,34.15495319320729]]]}"
Feature,60,60,15043,5728-013-034,239 WASHINGTON PL  PASADENA CA  91103,RM-12,0.3388290100000001,RM-12,12,2008.125,179.29388443999997,32,10,12,RES,50,2008.125,179.29388443999997,0.33884615000000007,2.5,70,23,10,21,,"{""type"":""Polygon"",""coordinates"":[[[-118.15538096671499,34.169369674287296],[-118.155408181177,34.16899972056871],[-118.15553754666297,34.169031388309506],[-118.15566431781399,34.169069624896295],[-118.15578801133698,34.1691142853861],[-118.15579438847699,34.16911790650592],[-118.15580000564299,34.169122312498715],[-118.155804725391,34.1691273933632],[-118.15580843183999,34.16913302497651],[-118.15581103336098,34.1691390690937],[-118.15579229899598,34.1693925024324],[-118.15538096671499,34.169369674287296]]]}"
Feature,61,61,15241,5728-013-056,1299 SUNSET AVE  PASADENA CA  91103,RM-12,0.5537790100000002,RM-12,12,3281.9804687499995,230.33602670000002,32,17,12,RES,51,3281.9804687499995,230.33602670000002,0.55380756,2.5,70,38,17,21,,"{""type"":""Polygon"",""coordinates"":[[[-118.15487396295899,34.168419752932905],[-118.15488921365699,34.168227521101905],[-118.154904425728,34.168035890874116],[-118.15547292545396,34.16806640469319],[-118.15545771158698,34.1682578958622],[-118.15544239980298,34.1684502116121],[-118.15487396295899,34.168419752932905]]]}"
Feature,62,62,27829,5837-005-010,1840 N RAYMOND AVE  PASADENA CA  91103,RM-12,0.529782,RM-12,12,3140.4609375000005,227.73303891999998,32,16,12,RES,49,3140.4609375000005,227.73303891999998,0.5298142100000001,2.5,70,37,16,21,,"{""type"":""Polygon"",""coordinates"":[[[-118.14847802550999,34.17778717021109],[-118.14847804347598,34.17777892617241],[-118.14847676247798,34.17759756826549],[-118.148496599975,34.1775975987358],[-118.148495352215,34.17741624043911],[-118.14904914113,34.17741294890331],[-118.149051977111,34.177594304977504],[-118.14905326799001,34.1777756628914],[-118.149053307516,34.1777839069305],[-118.14849786300599,34.17778722817881],[-118.14847802550999,34.17778717021109]]]}"
Feature,63,63,27985,5837-006-017,1700 N RAYMOND AVE  PASADENA CA  91103,RM-12,1.26784003,RM-12,12,7515.07421875,399.17860217000003,32,40,12,RES,51,3982.2968749999995,261.82798669000005,0.6718698800000001,2.5,70,47,40,21,,"{""type"":""Polygon"",""coordinates"":[[[-118.148404104941,34.1753078542839],[-118.14840407619499,34.17523915761629],[-118.148404375334,34.1751704601495],[-118.148354782941,34.175170383600204],[-118.148353414807,34.17503299147161],[-118.1484030072,34.17503306802111],[-118.148535284126,34.17503188856411],[-118.14853239604199,34.174839513491094],[-118.14843321305199,34.17484007535089],[-118.148433241798,34.17481877893],[-118.14843206769999,34.17460447368738],[-118.149027162948,34.1746005547787],[-118.14902837207998,34.174814887529706],[-118.149031200875,34.175029218249804],[-118.14903239473598,34.17523530711121],[-118.14903362183502,34.17544139621249],[-118.148405425465,34.17544524596501],[-118.148404104941,34.1753078542839]]]}"
Feature,64,64,28033,5837-006-006,1730 N RAYMOND AVE  PASADENA CA  91103,RM-12,0.34807801000000005,RM-12,12,2063.2578125000005,198.74428728999996,32,11,12,RES,49,2063.2578125000005,198.74428728999996,0.34809716,2.5,70,24,11,21,,"{""type"":""Polygon"",""coordinates"":[[[-118.14840679270098,34.1755819514541],[-118.148405425465,34.17544524596501],[-118.14903362183502,34.17544139621249],[-118.14903481659397,34.17564748481049],[-118.14903477527201,34.175661224230595],[-118.148408261446,34.1756643857759],[-118.14840827042897,34.1756506463562],[-118.14840679270098,34.1755819514541]]]}"
Feature,65,65,30183,5850-014-028,1497 N HILL AVE  PASADENA CA  91104,RM-12,1.23204005,RM-12,12,7302.3828125,410.85417059,32,39,12,RES,50,2831.5039062500005,227.13797596999999,0.47775122999999997,2.5,70,33,33,21,,"{""type"":""Polygon"",""coordinates"":[[[-118.12168251576799,34.17213812270572],[-118.12168145665397,34.1720007026005],[-118.12168039664199,34.171863338013395],[-118.121679299799,34.17172319724549],[-118.12167857216397,34.1716318039077],[-118.12236082465597,34.1716261419888],[-118.12236039615897,34.1715821762612],[-118.12235913672096,34.17144478423669],[-118.122524931587,34.17144357202739],[-118.122526224262,34.1715811015513],[-118.12252754568398,34.171715746382205],[-118.12236720538898,34.171716842644],[-118.12236853579397,34.171857669420994],[-118.12236986080899,34.1719950622598],[-118.12237114989198,34.172131767392194],[-118.12237244436398,34.172269187283995],[-118.12198230423898,34.172272603882],[-118.12168606591001,34.17227715984129],[-118.12168251576799,34.17213812270572]]]}"
Feature,66,66,37848,5731-005-055,520 E ORANGE GROVE BLVD  PASADENA CA  91104,RM-12,0.895459,RM-12,12,5305.5859375,290.56295766,32,28,12,RES,50,3641.125,290.89267232000003,0.61456749,2.5,70,43,28,21,,"{""type"":""Polygon"",""coordinates"":[[[-118.139224197697,34.15716185744489],[-118.139920453128,34.15716566045629],[-118.13992201889099,34.157330530797495],[-118.13992942729702,34.15764105263179],[-118.139928777815,34.157645555115984],[-118.139927246188,34.157649908186194],[-118.13992487643199,34.1576539929061],[-118.13992173232799,34.15765769851619],[-118.139917898319,34.15766092466409],[-118.139913479506,34.15766358363428],[-118.139908595366,34.157665603321696],[-118.139903378849,34.15766692871829],[-118.13989797099099,34.157667524143285],[-118.13923028468099,34.157676785564995],[-118.13922866951002,34.1575208182991],[-118.13922735527501,34.15750573342981],[-118.139225913479,34.157354602114],[-118.139224197697,34.15716185744489]]]}"
Feature,67,67,38000,5728-017-026,1281 SUNSET AVE  PASADENA CA  91103,RM-12,0.31410101,RM-12,12,1861.5078125,178.43955265999995,32,10,12,RES,51,1861.5078125,178.43955265999995,0.3141201700000001,2.5,70,21,10,21,,"{""type"":""Polygon"",""coordinates"":[[[-118.15493588742498,34.16765174016981],[-118.15543749949298,34.16767867159609],[-118.15543310313798,34.167733508097804],[-118.15541771409897,34.167925431857],[-118.15541705473498,34.16792539692381],[-118.154916270016,34.1678985094287],[-118.15493150364598,34.1677068806838],[-118.15493152790098,34.167706578175505],[-118.15493586945799,34.1676519720682],[-118.15493588742498,34.16765174016981]]]}"
Feature,68,68,7066,5737-008-064,330 N HILL AVE  PASADENA CA  91106,RM-16,0.6131730100000001,RM-16,16,3632.535156250001,249.11918565999994,32,19,16,RES,49,2518.3710937500005,253.04684102,0.42512164,2.5,70,29,19,28,,"{""type"":""Polygon"",""coordinates"":[[[-118.12063527328398,34.1513736904138],[-118.12074692039899,34.15139118799149],[-118.12073955780698,34.151260004020195],[-118.12122013133201,34.151259523034994],[-118.12121406051702,34.151657519157695],[-118.12121310830301,34.15166455399778],[-118.12121072327601,34.15167134871759],[-118.121206975504,34.151677705571494],[-118.12120197638,34.15168343499129],[-118.121195872327,34.1516883704547],[-118.12118884300999,34.15169236476759],[-118.121181095939,34.15169530121559],[-118.12117285928598,34.15169709356399],[-118.121164374698,34.151697688287584],[-118.121095473916,34.1516978704217],[-118.12064919088299,34.1517141108354],[-118.12063527328398,34.1513736904138]]]}"
Feature,69,69,12780,5711-016-024,444 N ORANGE GROVE BLVD  PASADENA CA  91103,RM-16,1.14127004,RM-16,16,6761.20703125,349.5262314499999,32,36,16,RES,50,3341.88671875,296.4167880499999,0.56413,2.5,70,39,36,28,,"{""type"":""Polygon"",""coordinates"":[[[-118.158762429362,34.15277334616041],[-118.15876011260697,34.152771892823004],[-118.15871790975498,34.1527224317607],[-118.158663512273,34.1526563892213],[-118.15862392531503,34.152609617699895],[-118.15852941356398,34.152497161062584],[-118.15843433767097,34.152384045624395],[-118.15893071615396,34.152103798054206],[-118.158963512747,34.1521431046271],[-118.15931767714099,34.151939515947795],[-118.15941205953499,34.1520527687671],[-118.15950601073699,34.152165582085004],[-118.15954835192998,34.15221768105639],[-118.15955085283898,34.15222166047629],[-118.159552544367,34.1522259246181],[-118.15955338159701,34.1522303612285],[-118.15955334207099,34.15223485062],[-118.15955242578899,34.15223927607891],[-118.159550658803,34.15224351940459],[-118.15954808782499,34.15224746760048],[-118.15954477933,34.152251017333896],[-118.159242285133,34.152477264026295],[-118.15898247079298,34.152656876889104],[-118.15880752209497,34.15277787566629],[-118.15880613509597,34.152778729827205],[-118.15880468251999,34.152779528233395],[-118.15880319670698,34.152780272371906],[-118.15880167675698,34.152780906487806],[-118.15880009212897,34.15278151309809],[-118.15879847336498,34.1527820371916],[-118.15879682136298,34.152782478768195],[-118.15879516936099,34.152782866077004],[-118.158793484122,34.1527831701255],[-118.15879176564499,34.15278341990629],[-118.15879004806598,34.1527835871701],[-118.15878832868997,34.15278367191709],[-118.15878657697597,34.152783674147294],[-118.15878485849797,34.1527835938607],[-118.15878313912297,34.152783458562794],[-118.15878142064598,34.1527832407481],[-118.15877973450797,34.1527829686655],[-118.15877804747197,34.15278258581709],[-118.15877646014899,34.15278214870081],[-118.15877480634997,34.1527816558299],[-118.15877321902698,34.152781081185594],[-118.15877166404299,34.152780423281094],[-118.15877014229697,34.1527797111086],[-118.15876868702699,34.152778943925014],[-118.15876729733299,34.1527780934811],[-118.158765939978,34.152777216275005],[-118.158764649099,34.1527762558086],[-118.15876339145798,34.15277524107441],[-118.158762429362,34.15277334616041]]]}"
Feature,70,70,37847,5731-005-046,570 E ORANGE GROVE BLVD  PASADENA CA  91104,RM-16,0.77198303,RM-16,16,4573.99609375,269.13460575,32,24,16,RES,50,3109.3671875000005,271.62047031000003,0.5248161199999999,2.5,70,36,24,28,,"{""type"":""Polygon"",""coordinates"":[[[-118.13860108130001,34.1571928658094],[-118.139224314478,34.15718835809749],[-118.13922579130802,34.157340890934805],[-118.139225913479,34.157354602114],[-118.13922735527501,34.15750573342981],[-118.13922866951002,34.1575208182991],[-118.13923028468099,34.157676785564995],[-118.138640239762,34.15768408602369],[-118.138634528273,34.15768389052219],[-118.13862894165,34.157682882537095],[-118.13862364698001,34.15768109180248],[-118.13861880056898,34.15767857183959],[-118.138614547944,34.157675396983706],[-118.138611013972,34.15767166164018],[-118.13860830465298,34.15766747656869],[-118.138606499938,34.1576629681388],[-118.13860565462299,34.1576582679239],[-118.13860558635099,34.15765681169719],[-118.13860424426801,34.15752532747991],[-118.138602646165,34.1573591105603],[-118.13860108130001,34.1571928658094]]]}"
Feature,71,71,8907,5747-019-049,212 S ALLEN AVE  PASADENA CA  91106,RM-32,0.6498060200000001,RM-32,32,3848.69921875,286.83091979999995,64,41,32,RES,51,1386.76953125,148.96736463,0.23414683000000003,4,100,23,23,57,2.5,"{""type"":""Polygon"",""coordinates"":[[[-118.11231925788199,34.14233623461091],[-118.11231595297998,34.142336237584914],[-118.112314948664,34.1420809059485],[-118.11250666890801,34.14208534457872],[-118.112612459008,34.1420870047899],[-118.11271930462799,34.14208709698249],[-118.112925953974,34.14208566799649],[-118.11293451851199,34.1420862486615],[-118.11294283421599,34.14208804939209],[-118.11295065045799,34.1420910166571],[-118.11295773457199,34.14209506123749],[-118.11296387186201,34.142100061944596],[-118.11296887907099,34.142105867850006],[-118.11297260618198,34.14211230572051],[-118.112974940903,34.142119182248905],[-118.11297581226897,34.14212629000181],[-118.11297883509998,34.1423330643826],[-118.11298083834299,34.142470456197195],[-118.112982808348,34.1426071608087],[-118.112642409738,34.1426085228723],[-118.112642786132,34.142471210835204],[-118.112643131085,34.1423346688275],[-118.11247785634397,34.1423354822021],[-118.11231925788199,34.14233623461091]]]}"
Feature,72,72,9460,5750-030-001,2670 LA TIERRA ST  PASADENA CA  91107,RM-32,0.37955201000000005,RM-32,32,2248.515625,189.75791205000002,64,24,32,RES,50,2248.515625,189.75791205000002,0.37957317000000007,4,100,37,24,57,2.5,"{""type"":""Polygon"",""coordinates"":[[[-118.094976497991,34.151256374700495],[-118.095419320714,34.151249019417286],[-118.095418540078,34.151317717023296],[-118.095417725306,34.15138641383019],[-118.095416911432,34.151455111324495],[-118.09541613079598,34.151523808762995],[-118.09541531692298,34.1515925061455],[-118.09498396209301,34.151599908233294],[-118.094982462805,34.151531184837495],[-118.09498096351702,34.151462489635286],[-118.094979496568,34.151393793633794],[-118.09497799728,34.1513250983198],[-118.094976497991,34.151256374700495]]]}"
Feature,73,73,8341,5747-006-040,37 S ROOSEVELT AVE  PASADENA CA  91107,RM-32,0.25833601,RM-32,32,1530.1992187499998,202.55757239,64,16,32,RES,50,1530.1992187499998,202.55757239,0.25834868000000005,4,100,25,16,57,2.5,"{""type"":""Polygon"",""coordinates"":[[[-118.103459238015,34.14525702154239],[-118.104203113139,34.1452515466938],[-118.10420416866,34.145382756352596],[-118.10420417674399,34.145388938966605],[-118.10346053248797,34.145394413806294],[-118.103459238015,34.14525702154239]]]}"
Feature,74,74,8571,5747-005-037,45 S SIERRA MADRE BLVD  PASADENA CA  91107,RM-32,0.369746,RM-32,32,2190.1054687499995,206.21867005,64,23,32,RES,49,2190.1054687499995,206.21867005,0.36976328,4,100,36,23,57,2.5,"{""type"":""Polygon"",""coordinates"":[[[-118.10186833062998,34.1450692364136],[-118.10189318431901,34.14506927061289],[-118.102526084268,34.1450704668447],[-118.10252595401201,34.1451254243444],[-118.10252721255198,34.1452628168224],[-118.102527642845,34.145290295142495],[-118.10189253304098,34.1452945968072],[-118.10187105162699,34.145294752190495],[-118.10186833062998,34.1450692364136]]]}"
Feature,75,75,29145,5838-040-007,455 E WASHINGTON BLVD  PASADENA CA  91104,RM-32,0.6605280000000001,RM-32,32,3914.734375,257.05447386000003,64,42,32,RES,51,1981.3046875,184.12743401000003,0.33432007000000014,4,100,33,33,57,2.5,"{""type"":""Polygon"",""coordinates"":[[[-118.141036405052,34.1690281618528],[-118.141498547842,34.169025434118105],[-118.141512351354,34.1690253523604],[-118.141515892513,34.1693984276113],[-118.14149770971301,34.16939836592161],[-118.141522820321,34.16957492595141],[-118.14118653240098,34.16957929252821],[-118.14104107269799,34.169580369493296],[-118.141037154247,34.169116755953105],[-118.141036405052,34.1690281618528]]]}"
Feature,76,76,30389,5850-015-007,1341 E WASHINGTON BLVD  PASADENA CA  91104,RM-32,0.9125369799999998,RM-32,32,5408.312500000001,310.34408977000004,64,58,32,RES,50,3537.4531250000005,253.29388427999996,0.59690428,4,100,59,58,57,2.5,"{""type"":""Polygon"",""coordinates"":[[[-118.12234257448196,34.16966154095591],[-118.12236571598199,34.169661490415095],[-118.12236196012599,34.1691737194473],[-118.122523949728,34.16917383167811],[-118.12268431966798,34.16917394242251],[-118.12284627692998,34.1691740524236],[-118.123009919432,34.169174160938205],[-118.12301632082699,34.1696598686515],[-118.12285499238499,34.16966041716729],[-118.12275250898396,34.1696607687229],[-118.12275389238998,34.1697699953979],[-118.12234230588597,34.169771346618006],[-118.12234257448196,34.16966154095591]]]}"
Feature,77,77,19232,5741-014-036,1280 E WASHINGTON BLVD  PASADENA CA  91104,RM-32 LD-1,1.1174000499999999,RM-32 LD-1,32,6622.3671875,326.0666815,64,71,32,RES,49,3718.070312500001,324.92979223,0.62738898,4,100,62,62,57,2.5,"{""type"":""Polygon"",""coordinates"":[[[-118.12360034703399,34.1687444509554],[-118.12359846147,34.16853839009551],[-118.123597034047,34.1683819278164],[-118.12378711935797,34.1683803870433],[-118.12437400490299,34.16837552539491],[-118.12437542873299,34.168532152688606],[-118.12437911631699,34.16894430217941],[-118.12414770670598,34.168946683561],[-118.1239658841,34.1689479693881],[-118.12379232689197,34.1689495212997],[-118.12361880202297,34.168950797464504],[-118.12360223978499,34.16895092456061],[-118.12360034703399,34.1687444509554]]]}"
Feature,78,78,8524,5747-006-026,34 S GRAND OAKS AVE  PASADENA CA  91107,RM-32 PK,0.21956000000000003,RM-32 PK,32,1300.51953125,169.43211141000003,64,14,32,RES,50,1300.51953125,169.43211141000003,0.21957244000000004,4,100,21,14,57,2.5,"{""type"":""Polygon"",""coordinates"":[[[-118.104203113139,34.1452515466938],[-118.104202924493,34.14523299882021],[-118.104369824286,34.1452321676304],[-118.10478297475699,34.145229969214896],[-118.104784219822,34.1453797274961],[-118.10420416866,34.145382756352596],[-118.104203113139,34.1452515466938]]]}"
Feature,79,79,6633,5735-015-023,1147 CORDOVA ST  PASADENA CA  91106,RM-48,0.67046201,RM-48,48,3971.171875,390.30788785000004,87,58,48,RES,51,3971.171875,390.30788785000004,0.67049632,5,125,83,58,86,,"{""type"":""Polygon"",""coordinates"":[[[-118.126449699809,34.1434950447016],[-118.126297643778,34.143496110847295],[-118.126262942757,34.143496366603195],[-118.12607106261198,34.14349772121769],[-118.12606949595,34.1433795641014],[-118.12629657298598,34.1433780630198],[-118.126494864407,34.143376729220805],[-118.126560630967,34.143376275699296],[-118.12655984853399,34.143274632562594],[-118.12655812826098,34.1430546949328],[-118.12669035488098,34.143053897178106],[-118.12688864540299,34.1430526994309],[-118.12689251893897,34.1434924373287],[-118.12682311689598,34.1434928127845],[-118.12682560253499,34.143823928422705],[-118.12663887692297,34.1438250034859],[-118.12663635894499,34.14349369529139],[-118.12649593519899,34.1434950238843],[-118.126449699809,34.1434950447016]]]}"
Feature,80,80,6148,5734-010-060,280 S LOS ROBLES AVE  PASADENA CA  91101,RM-48,1.13144004,RM-48,48,6701.128906250001,327.80344701,87,98,48,RES,50,3446.578125,240.9150964,0.5819534399999999,5,125,72,72,86,,"{""type"":""Polygon"",""coordinates"":[[[-118.14058573285098,34.1408857163619],[-118.140585625053,34.140841750983896],[-118.140584556057,34.1406576445535],[-118.140584907299,34.140512968666904],[-118.141212578154,34.140509571601896],[-118.14121777490801,34.140509885360096],[-118.141222847694,34.1405108749626],[-118.14122766985102,34.1405125166171],[-118.141232121003,34.1405147679441],[-118.141236091557,34.1405175739241],[-118.14123948090003,34.1405208639245],[-118.14124220549,34.140524556903294],[-118.141244197954,34.140528559922494],[-118.141245407086,34.1405327740965],[-118.14124580414202,34.14053709384749],[-118.141246102382,34.140654564969395],[-118.14124657848899,34.140838644640596],[-118.14124982500101,34.141184040620594],[-118.14058715667997,34.141191969272896],[-118.14058573285098,34.1408857163619]]]}"
Feature,81,81,39273,5736-003-032,225 S HILL AVE  PASADENA CA  91106,RM-48,1.1685199700000002,RM-48,48,6920.953125,335.90932319,87,101,48, ,100,4997.1484375,347.65975232000005,0.8437422900000001,5,125,105,101,86,,"{""type"":""Polygon"",""coordinates"":[[[-118.12210522341499,34.14176823323319],[-118.122105244076,34.14177057746309],[-118.12210563304599,34.14181786130379],[-118.12210621156098,34.141845016582195],[-118.12210657088798,34.14188857326158],[-118.12210681433098,34.141918008059505],[-118.12210703980799,34.14194548598049],[-118.12210745662597,34.14199612063229],[-118.12210870258997,34.1421472519214],[-118.12211017852198,34.142298383683595],[-118.12211171823398,34.14244992706659],[-118.122112688415,34.1425456894852],[-118.12148473818299,34.142549399475605],[-118.121479420157,34.142549254496],[-118.121474199148,34.1425484017187],[-118.121469210804,34.1425468641916],[-118.12146458268299,34.14254468131949],[-118.12146043605999,34.1425419088635],[-118.12145687783298,34.142538619685304],[-118.12145400052898,34.1425348985422],[-118.12145187780999,34.14253084208701],[-118.12145056537202,34.1425265551512],[-118.12145009645097,34.14252214851401],[-118.121449633819,34.1424538638244],[-118.12144858817999,34.142302732340404],[-118.121447509303,34.142151600586004],[-118.12144698648298,34.1420760873951],[-118.12144646366399,34.1420004685612],[-118.12144611062597,34.141949633169496],[-118.121446511275,34.14194520568459],[-118.12144776442499,34.141940890466394],[-118.12144983773598,34.1419367982952],[-118.12145267551399,34.1419330377205],[-118.121456204995,34.141929706139706],[-118.12146033454998,34.14192689128459],[-118.12146495458599,34.14192466527399],[-118.121469945626,34.14192308684359],[-118.12178055699998,34.1418469935254],[-118.12180712018298,34.14184054894319],[-118.121866848268,34.14182606052739],[-118.122104583814,34.141768388623],[-118.12210522341499,34.14176823323319]]]}"
Feature,82,82,37925,5731-019-100,434 MAPLE WAY  PASADENA CA  91101,RM-48 HL-36,8.343839650000001,RM-48 HL-36,48,49431.93359375,1238.60064449,87,725,0,COMM,39,22504.199218749996,704.3291253999998,3.79875103,5,125,474,474,86,,"{""type"":""Polygon"",""coordinates"":[[[-118.13478019156199,34.153255637197],[-118.134803303418,34.153255487775496],[-118.13482649791801,34.15325533612371],[-118.134825383109,34.15311761617181],[-118.134824926765,34.1531176198888],[-118.13480212842097,34.1531177566729],[-118.13469264445,34.1531184234955],[-118.13469422189101,34.153256144932904],[-118.13458514665298,34.1532568162148],[-118.13353712173699,34.1532638925516],[-118.13287600660297,34.153268351409196],[-118.132594432372,34.1532702544894],[-118.132590790602,34.1529954433201],[-118.13258813967397,34.1527206595058],[-118.13258713715396,34.15248464522139],[-118.13258832113398,34.152477849823704],[-118.13259084809398,34.152471311640994],[-118.132594646171,34.1524652142927],[-118.132599610262,34.1524597257868],[-118.132605602025,34.152455000006704],[-118.13261245617,34.15245116704719],[-118.132619980459,34.152448335444596],[-118.13262796648199,34.15244658176879],[-118.13263619235498,34.152445956571206],[-118.13352912762899,34.1524397529151],[-118.134555429485,34.15243262447141],[-118.13457250286498,34.1524325144485],[-118.13457575656298,34.152432492146595],[-118.13457798348699,34.152432478022],[-118.134687670478,34.152431790378806],[-118.13479599741999,34.1524311287545],[-118.134819879131,34.1524309837919],[-118.13583292724398,34.15242438167329],[-118.13583413996898,34.15262154029209],[-118.13583476250199,34.1526991664516],[-118.13583705949397,34.1529739518228],[-118.13583820843897,34.15311134417301],[-118.135839324147,34.1532487362998],[-118.13584162203699,34.153523520626194],[-118.13585504286799,34.153748982610594],[-118.13519431401,34.15376910905359],[-118.135029084185,34.15377022785],[-118.135029503698,34.15382515738819],[-118.13503079457699,34.1539900283042],[-118.13503226332199,34.154182927402495],[-118.134833946749,34.15418474274289],[-118.134787640392,34.154185179108595],[-118.134787422102,34.154157700708396],[-118.13478610606998,34.153992169994495],[-118.134784775665,34.153827326588],[-118.13478366804202,34.1536899071537],[-118.13478238614599,34.1535302847175],[-118.134781271337,34.15339267226209],[-118.13478019156199,34.153255637197]]]}"
Feature,83,83,6977,5736-011-022,249 S SIERRA BONITA AVE  PASADENA CA  91106,RS-6,0.20649600000000004,RS-6,6,1223.0234374999998,156.97755812999998,32,6,6,RES,48,1223.0234374999998,156.97755812999998,0.20650674000000002,2.5,70,14,6,10,,"{""type"":""Polygon"",""coordinates"":[[[-118.11731245355699,34.1415357087911],[-118.11782482834101,34.141532490205705],[-118.117825346669,34.14157233403911],[-118.11782683697399,34.14169186468319],[-118.117314230425,34.14169508326258],[-118.117312906308,34.141575552622996],[-118.11731245355699,34.1415357087911]]]}"
Feature,84,84,7071,5736-011-019,1590 E DEL MAR BLVD  PASADENA CA  91106,RS-6,0.13846099000000003,RS-6,6,820.0820312500001,141.33297285000003,32,4,6,RES,51,820.0820312500001,141.33297285000003,0.13846782000000002,2.5,70,9,4,10,,"{""type"":""Polygon"",""coordinates"":[[[-118.117314230425,34.14169508326258],[-118.11782683697399,34.14169186468319],[-118.11782710018,34.141714534512595],[-118.11782817815899,34.1417990301496],[-118.117348949412,34.14180229928229],[-118.11734325589,34.141801877722486],[-118.11733773484399,34.14180064724389],[-118.11733255066699,34.141798645020906],[-118.11732785876599,34.141795929045905],[-118.11732380017801,34.14179258258981],[-118.11732049527602,34.141788704537],[-118.117318042875,34.14178441087219],[-118.11731651663699,34.1417798302192],[-118.11731596237702,34.14177510012421],[-118.11731446129203,34.14171775309109],[-118.117314230425,34.14169508326258]]]}"
Feature,85,85,13062,5727-013-021,1106 LINCOLN AVE  PASADENA CA  91103,RS-6,0.24835700000000002,RS-6,6,1471.72265625,158.61703264,32,7,6,RES,48,1471.72265625,158.61703264,0.24837083000000001,2.5,70,17,7,10,,"{""type"":""Polygon"",""coordinates"":[[[-118.15957704861098,34.1634553192575],[-118.15959000860599,34.163432671615496],[-118.15959006250499,34.16343257721619],[-118.15963411229298,34.163355386091915],[-118.15969051661199,34.16325655363949],[-118.160094147635,34.163416083360396],[-118.160037743317,34.16351491636941],[-118.159979687895,34.1636144665468],[-118.15957704861098,34.1634553192575]]]}"
Feature,86,86,14679,5728-004-052,135 GLORIETA ST  PASADENA CA  91103,RS-6,0.9085199799999999,RS-6,6,5383.722656250001,290.45624051,32,29,6,RES,50,3570.5468749999995,293.53816259999996,0.6025684,2.5,70,42,29,10,,"{""type"":""Polygon"",""coordinates"":[[[-118.152897601062,34.16344823188191],[-118.15289298192499,34.1630730505673],[-118.15311001220199,34.16306257369129],[-118.15349016126399,34.163060992682595],[-118.15349809787998,34.16306131825],[-118.15350587010398,34.16306269262],[-118.15351327851,34.1630650808573],[-118.15352013355397,34.1630684220108],[-118.153526259166,34.163072629857005],[-118.15353149814,34.163077595873595],[-118.15353571573098,34.1630831944418],[-118.15353880503699,34.1630892798738],[-118.15354068521101,34.16309569830581],[-118.15354130953999,34.1631022832374],[-118.15354689256897,34.1636183852223],[-118.15290079996299,34.1636209072378],[-118.152897601062,34.16344823188191]]]}"
Feature,87,87,16502,5730-023-019,920 N EL MOLINO AVE  PASADENA CA  91104,RS-6,0.21631700000000004,RS-6,6,1281.80078125,159.0619402,32,6,6,RES,51,1281.80078125,159.0619402,0.21632918000000004,2.5,70,15,6,10,,"{""type"":""Polygon"",""coordinates"":[[[-118.136436223212,34.161629075782585],[-118.13694862045298,34.161625831203395],[-118.136950018232,34.16179276297011],[-118.13643709098498,34.161796035788804],[-118.136436223212,34.161629075782585]]]}"
Feature,88,88,12817,5727-003-046,1141 LINCOLN AVE  PASADENA CA  91103,RS-6,0.20825499000000003,RS-6,6,1234.15625,172.10503301999998,32,6,6,RES,48,1234.15625,172.10503301999998,0.20826543000000006,2.5,70,14,6,10,,"{""type"":""Polygon"",""coordinates"":[[[-118.15968150471299,34.165788978688404],[-118.159680415955,34.1656516136547],[-118.160286350275,34.165730692843006],[-118.16027603312398,34.1658666982893],[-118.15968150471299,34.165788978688404]]]}"
Feature,89,89,24007,5752-011-026,425 SIERRA MADRE VILLA AVE  PASADENA CA  91107,RS-6,1.15637004,RS-6,6,6850.91015625,371.2201344299999,32,37,6,RES,50,3343.64453125,233.69170682,0.5643993100000001,2.5,70,39,37,10,,"{""type"":""Polygon"",""coordinates"":[[[-118.08270110497398,34.15348119505039],[-118.082682845817,34.15363407133819],[-118.082665864963,34.1537762581994],[-118.08264888411,34.1539184165725],[-118.08263190325599,34.15406057619309],[-118.082614922402,34.154202734831],[-118.08259784273397,34.154345580857296],[-118.08258089421899,34.15448762973858],[-118.08212466234401,34.15448953427809],[-118.08214161085898,34.154347375379494],[-118.082158559373,34.154205216985105],[-118.08217550788798,34.154063057607885],[-118.0821924573,34.153920871229595],[-118.08220940581502,34.153778712860706],[-118.082226354329,34.153636553508996],[-118.082239927873,34.153524596309296],[-118.082241444229,34.1535180790225],[-118.08224418768398,34.15351184570971],[-118.082248088169,34.153506053969195],[-118.08225304597102,34.153500850992096],[-118.08225893622499,34.15349636984519],[-118.08226560801202,34.1534927235236],[-118.08227289155298,34.15349000569429],[-118.08228060269099,34.153488284005995],[-118.08228854559499,34.15348760454859],[-118.08270110497398,34.15348119505039]]]}"
Feature,90,90,20996,5744-006-022,,RS-6,0.00631334,RS-6,6,37.41406249999999,27.57444445,0,0,6,RES,0,37.41406249999999,27.57444445,0.0063146999999999995,,,,0,10,,"{""type"":""Polygon"",""coordinates"":[[[-118.10430872986399,34.15988788285439],[-118.10439920368799,34.159887117221984],[-118.104399566607,34.1599147335043],[-118.10430906134202,34.159915470889906],[-118.10430872986399,34.15988788285439]]]}"
Feature,91,91,22564,5750-007-038,2540 E ORANGE GROVE BLVD  PASADENA CA  91107,RS-6,1.4975500099999999,RS-6,6,8873.06640625,375.16610285999997,32,47,6,RES,27,8873.06640625,375.16610285999997,1.4976284999999998,2.5,70,104,47,10,,"{""type"":""Polygon"",""coordinates"":[[[-118.09754262094002,34.157569682612184],[-118.09754579918001,34.1574322863648],[-118.097559020584,34.157432055925],[-118.09775737668397,34.1574289278911],[-118.09795569954602,34.157425772352994],[-118.09816063311001,34.157422528355596],[-118.09835465933001,34.1574194025514],[-118.09833885347197,34.158116660675105],[-118.098337949767,34.15812372917121],[-118.09833559977399,34.1581305642555],[-118.09833187176598,34.1581369622506],[-118.09832687892899,34.158142732859815],[-118.098320766792,34.158147705113095],[-118.098313719509,34.1581517303411],[-118.09830594459,34.1581546903516],[-118.098297673801,34.158156496686495],[-118.09828915328099,34.1581570950813],[-118.09752889917401,34.15816117234319],[-118.09754262094002,34.157569682612184]]]}"
Feature,92,92,20398,5743-027-019,1041 N ALTADENA DR  PASADENA CA  91107,RS-6,0.27376899000000005,RS-6,6,1622.3203124999998,190.61317333999997,32,8,6,RES,51,1622.3203124999998,190.61317333999997,0.27378214,2.5,70,19,8,10,,"{""type"":""Polygon"",""coordinates"":[[[-118.09897233283397,34.16390983843491],[-118.098975045746,34.163744689567395],[-118.099181058187,34.163745290152505],[-118.09938601151399,34.16374591898301],[-118.099632286446,34.1637466503887],[-118.09962974960303,34.1638366176999],[-118.09962851621701,34.1639114982171],[-118.09897233283397,34.16390983843491]]]}"
Feature,93,93,26843,5825-010-022,1993 GLEN AVE  PASADENA CA  91103,RS-6,2.7229099299999997,RS-6,6,16141.808593749998,710.57298704,32,87,6,RES,32,7352.80859375,366.5973569699999,1.2403792499999997,2.5,70,86,86,10,,"{""type"":""Polygon"",""coordinates"":[[[-118.155729984661,34.18028400074679],[-118.15572865695097,34.180121878085906],[-118.15529883644396,34.18012399681871],[-118.155297421597,34.180003092226194],[-118.155727241206,34.180000973490294],[-118.15572589463198,34.17986358179549],[-118.15572454176899,34.1797234416795],[-118.15572481485698,34.1795860473032],[-118.15590666082,34.179584961547995],[-118.15590111641797,34.1790766117742],[-118.15640204935899,34.17907390442961],[-118.156406745752,34.17999303436171],[-118.15662496360201,34.1799926702155],[-118.15684483255596,34.179991615678],[-118.15684451904399,34.1801413747356],[-118.15684585573699,34.18028975869469],[-118.15684555929299,34.18043124669],[-118.156759595012,34.1804318256051],[-118.15658105395097,34.180432935873505],[-118.15640251288997,34.180434046884905],[-118.156204101095,34.180435814099205],[-118.156025560034,34.1804369243676],[-118.15584701987098,34.180438748061206],[-118.15573129889597,34.180439254147394],[-118.155729984661,34.18028400074679]]]}"
Feature,94,94,29264,5848-009-016,1798 FISKE AVE  PASADENA CA  91104,RS-6,0.98519599,RS-6,6,5839.984374999999,378.96724233000003,32,31,6,RES,41,5839.984374999999,378.96724233000003,0.9852525899999999,2.5,70,68,31,10,,"{""type"":""Polygon"",""coordinates"":[[[-118.13301081498098,34.176996112645995],[-118.133009180946,34.1768209378284],[-118.13300711122699,34.1766011098587],[-118.13300581046698,34.17646921369389],[-118.13327076676299,34.176467712457196],[-118.13327346889601,34.1767313953375],[-118.13375974223,34.176728742913404],[-118.13376251083798,34.176991849012],[-118.13376512134201,34.17723915429249],[-118.13333670490199,34.17724188101859],[-118.133257355814,34.17724243543049],[-118.13328271615298,34.17699449399609],[-118.13301081498098,34.176996112645995]]]}"
Feature,95,95,29461,5848-030-019,980 E RIO GRANDE ST  PASADENA CA  91104,RS-6 LD-16,0.6599100200000001,RS-6 LD-16,6,3911.1640625,277.95783893999993,32,21,6,RES,50,2248.30078125,191.64618069999997,0.3793646800000001,2.5,70,26,21,10,,"{""type"":""Polygon"",""coordinates"":[[[-118.13030230636498,34.170241683639695],[-118.13030120862398,34.1701077261862],[-118.13030119424998,34.170104978418905],[-118.130300098306,34.1699710207484],[-118.130449592342,34.169970392707505],[-118.130450929934,34.1701072899029],[-118.13089276720399,34.17010527422931],[-118.13089337805899,34.170241980193],[-118.13089462671701,34.170511929449304],[-118.13030448567801,34.1705157816564],[-118.13030337895299,34.1703783893824],[-118.13030184822398,34.17024511890081],[-118.13030230636498,34.170241683639695]]]}"
